{
	"blog": {
		"mainTitle": "My BLOG",
		"subTitle": "React & Node",
		"description": "Lorem ipsum dolor sit amet consectetur adipisicing elit. Officiis nostrum dolor provident beatae deserunt magnam, illo neque. Maiores ipsum commodi dolorum beatae aliquid laboriosam est"
	},
	"posts": [
		{
			"id": 1,
			"thumbnail": "/assets/post-img1.jpg",
			"title": "Dipisicing elit. Inventore illum nostrum perferendis.",
			"mainBg": "/assets/post-background1.jpg",
			"category": ["Life", "style"],
			"profileImg": "/assets/profile.jpg",
			"contents": [
				{
					"type": "p",
					"text": "Adipisicing elit. Inventore illum nostrum perferendis voluptas, voluptate soluta corrupti dolore quidem. Placeat, eaque! Exercitationem est facilis dolor quas odio cum incidunt repudiandae vel. Lorem ipsum dolor sit amet consectetur, adipisicing elit. Inventore illum nostrum perferendis voluptas, voluptate soluta corrupti dolore quidem. Placeat, eaque! Exercitationem est facilis dolor quas odio cum incidunt repudiandae vel. Lorem ipsum dolor sit amet consectetur, adipisicing elit. Inventore illum nostrum perferendis voluptas, voluptate soluta corrupti dolore quidem. Placeat, eaque! Exercitationem est facilis dolor quas odio cum incidunt repudiandae vel. Lorem ipsum dolor sit amet consectetur, adipisicing elit. Inventore illum nostrum perferendis voluptas, voluptate soluta corrupti dolore quidem. Placeat, eaque! Exercitationem est facilis dolor quas odio cum incidunt repudiandae vel. Lorem ipsum dolor sit amet consectetur, adipisicing elit. Inventore illum nostrum perferendis voluptas, voluptate soluta corrupti dolore quidem. Placeat, eaque! Exercitationem est facilis dolor quas odio cum incidunt repudiandae vel. Lorem ipsum dolor sit amet consectetur, adipisicing elit. Inventore illum nostrum perferendis voluptas, voluptate soluta corrupti dolore quidem. Placeat, eaque! Exercitationem est facilis dolor quas odio cum incidunt repudiandae vel. Lorem ipsum dolor sit amet consectetur, adipisicing elit. Inventore illum nostrum perferendis voluptas, voluptate soluta corrupti dolore quidem. Placeat, eaque! Exercitationem est facilis dolor quas odio cum incidunt repudiandae vel. Lorem ipsum dolor sit amet consectetur, adipisicing elit. Inventore illum nostrum perferendis voluptas, voluptate soluta corrupti dolore quidem. Placeat, eaque! Exercitationem est facilis dolor quas odio cum incidunt repudiandae vel."
				},
				{
					"type": "img",
					"src": "/assets/post-background1.jpg"
				},
				{
					"type": "p",
					"text": "Inventore illum nostrum perferendis voluptas, voluptate soluta corrupti dolore quidem. Placeat, eaque! Exercitationem est facilis dolor quas odio cum incidunt repudiandae vel. Lorem ipsum dolor sit amet consectetur, adipisicing elit. Inventore illum nostrum perferendis voluptas, voluptate soluta corrupti dolore quidem. Placeat, eaque! Exercitationem est facilis dolor quas odio cum incidunt repudiandae vel. Lorem ipsum dolor sit amet consectetur, adipisicing elit. Inventore illum nostrum perferendis voluptas, voluptate soluta corrupti dolore quidem. Placeat, eaque! Exercitationem est facilis dolor quas odio cum incidunt repudiandae vel. Lorem ipsum dolor sit amet consectetur, adipisicing elit. Inventore illum nostrum perferendis voluptas, voluptate soluta corrupti dolore quidem. Placeat, eaque! Exercitationem est facilis dolor quas odio cum incidunt repudiandae vel."
				}
			],
			"userName": "Chilli",
			"created": "2022.04.01"
		},
		{
			"id": 2,
			"thumbnail": "/assets/post-img2.jpg",
			"title": "Esse deserunt ducimus earum provident iste eaque dolores",
			"mainBg": "/assets/post-background2.jpg",
			"category": ["Tech", "Life"],
			"profileImg": "/assets/profile.jpg",
			"contents": [
				{
					"type": "p",
					"text": "Voluptate soluta corrupti dolore quidem. Placeat, eaque! Exercitationem est facilis dolor quas odio cum incidunt repudiandae vel. Lorem ipsum dolor sit amet consectetur, adipisicing elit. Inventore illum nostrum perferendis voluptas, voluptate soluta corrupti dolore quidem. Placeat, eaque! Exercitationem est facilis dolor quas odio cum incidunt repudiandae vel. Lorem ipsum dolor sit amet consectetur, adipisicing elit. Inventore illum nostrum perferendis voluptas, voluptate soluta corrupti dolore quidem. Placeat, eaque! Exercitationem est facilis dolor quas odio cum incidunt repudiandae vel. Lorem ipsum dolor sit amet consectetur, adipisicing elit. Inventore illum nostrum perferendis voluptas, voluptate soluta corrupti dolore quidem. Placeat, eaque! Exercitationem est facilis dolor quas odio cum incidunt repudiandae vel."
				},
				{
					"type": "p",
					"text": "Lorem ipsum dolor sit amet consectetur, adipisicing elit. Inventore illum nostrum perferendis voluptas, voluptate soluta corrupti dolore quidem. Placeat, eaque! Exercitationem est facilis dolor quas odio cum incidunt repudiandae vel. Lorem ipsum dolor sit amet consectetur, adipisicing elit. Inventore illum nostrum perferendis voluptas, voluptate soluta corrupti dolore quidem. Placeat, eaque! Exercitationem est facilis dolor quas odio cum incidunt repudiandae vel. Lorem ipsum dolor sit amet consectetur, adipisicing elit. Inventore illum nostrum perferendis voluptas, voluptate soluta corrupti dolore quidem. Placeat, eaque! Exercitationem est facilis dolor quas odio cum incidunt repudiandae vel. Lorem ipsum dolor sit amet consectetur, adipisicing elit. Inventore illum nostrum perferendis voluptas, voluptate soluta corrupti dolore quidem. Placeat, eaque! Exercitationem est facilis dolor quas odio cum incidunt repudiandae vel."
				},
				{
					"type": "img",
					"src": "/assets/post-background2.jpg"
				},
				{
					"type": "p",
					"text": "Lorem ipsum dolor sit amet consectetur, adipisicing elit. Inventore illum nostrum perferendis voluptas, voluptate soluta corrupti dolore quidem. Placeat, eaque! Exercitationem est facilis dolor quas odio cum incidunt repudiandae vel. Lorem ipsum dolor sit amet consectetur, adipisicing elit. Inventore illum nostrum perferendis voluptas, voluptate soluta corrupti dolore quidem. Placeat, eaque! Exercitationem est facilis dolor quas odio cum incidunt repudiandae vel. Lorem ipsum dolor sit amet consectetur, adipisicing elit. Inventore illum nostrum perferendis voluptas, voluptate soluta corrupti dolore quidem. Placeat, eaque! Exercitationem est facilis dolor quas odio cum incidunt repudiandae vel. Lorem ipsum dolor sit amet consectetur, adipisicing elit. Inventore illum nostrum perferendis voluptas, voluptate soluta corrupti dolore quidem. Placeat, eaque! Exercitationem est facilis dolor quas odio cum incidunt repudiandae vel."
				}
			],
			"userName": "Chilli",
			"created": "2022.04.02"
		},
		{
			"id": 3,
			"thumbnail": "/assets/post-img3.jpg",
			"title": "Ducimus earum provident iste eaque dolores consequuntur?",
			"mainBg": "/assets/post-background3.jpg",
			"category": ["Tech", "Life"],
			"profileImg": "/assets/profile.jpg",
			"contents": [
				{
					"type": "p",
					"text": "Lorem ipsum dolor sit amet consectetur, adipisicing elit. Inventore illum nostrum perferendis voluptas, voluptate soluta corrupti dolore quidem. Placeat, eaque! Exercitationem est facilis dolor quas odio cum incidunt repudiandae vel. Lorem ipsum dolor sit amet consectetur, adipisicing elit. Inventore illum nostrum perferendis voluptas, voluptate soluta corrupti dolore quidem. Placeat, eaque! Exercitationem est facilis dolor quas odio cum incidunt repudiandae vel. Lorem ipsum dolor sit amet consectetur, adipisicing elit. Inventore illum nostrum perferendis voluptas, voluptate soluta corrupti dolore quidem. Placeat, eaque! Exercitationem est facilis dolor quas odio cum incidunt repudiandae vel. Lorem ipsum dolor sit amet consectetur, adipisicing elit. Inventore illum nostrum perferendis voluptas, voluptate soluta corrupti dolore quidem. Placeat, eaque! Exercitationem est facilis dolor quas odio cum incidunt repudiandae vel."
				},
				{
					"type": "img",
					"src": "/assets/post-background3.jpg"
				},
				{
					"type": "p",
					"text": "Lorem ipsum dolor sit amet consectetur, adipisicing elit. Inventore illum nostrum perferendis voluptas, voluptate soluta corrupti dolore quidem. Placeat, eaque! Exercitationem est facilis dolor quas odio cum incidunt repudiandae vel. Lorem ipsum dolor sit amet consectetur, adipisicing elit. Inventore illum nostrum perferendis voluptas, voluptate soluta corrupti dolore quidem. Placeat, eaque! Exercitationem est facilis dolor quas odio cum incidunt repudiandae vel. Lorem ipsum dolor sit amet consectetur, adipisicing elit. Inventore illum nostrum perferendis voluptas, voluptate soluta corrupti dolore quidem. Placeat, eaque! Exercitationem est facilis dolor quas odio cum incidunt repudiandae vel. Lorem ipsum dolor sit amet consectetur, adipisicing elit. Inventore illum nostrum perferendis voluptas, voluptate soluta corrupti dolore quidem. Placeat, eaque! Exercitationem est facilis dolor quas odio cum incidunt repudiandae vel."
				}
			],
			"userName": "Chilli",
			"created": "2022.04.03"
		},
		{
			"id": 4,
			"thumbnail": "/assets/post-img4.jpg",
			"title": "Dolor, voluptatem minima nobis ullam voluptate fugiat, idplaceat optio magni laborum iste!",
			"mainBg": "/assets/post-background4.jpg",
			"category": ["Tech", "Life"],
			"profileImg": "/assets/profile.jpg",
			"contents": [
				{
					"type": "p",
					"text": "Lorem ipsum dolor sit amet consectetur, adipisicing elit. Inventore illum nostrum perferendis voluptas, voluptate soluta corrupti dolore quidem. Placeat, eaque! Exercitationem est facilis dolor quas odio cum incidunt repudiandae vel. Lorem ipsum dolor sit amet consectetur, adipisicing elit. Inventore illum nostrum perferendis voluptas, voluptate soluta corrupti dolore quidem. Placeat, eaque! Exercitationem est facilis dolor quas odio cum incidunt repudiandae vel. Lorem ipsum dolor sit amet consectetur, adipisicing elit. Inventore illum nostrum perferendis voluptas, voluptate soluta corrupti dolore quidem. Placeat, eaque! Exercitationem est facilis dolor quas odio cum incidunt repudiandae vel. Lorem ipsum dolor sit amet consectetur, adipisicing elit. Inventore illum nostrum perferendis voluptas, voluptate soluta corrupti dolore quidem. Placeat, eaque! Exercitationem est facilis dolor quas odio cum incidunt repudiandae vel."
				},
				{
					"type": "img",
					"src": "/assets/post-background4.jpg"
				},
				{
					"type": "p",
					"text": "Lorem ipsum dolor sit amet consectetur, adipisicing elit. Inventore illum nostrum perferendis voluptas, voluptate soluta corrupti dolore quidem. Placeat, eaque! Exercitationem est facilis dolor quas odio cum incidunt repudiandae vel. Lorem ipsum dolor sit amet consectetur, adipisicing elit. Inventore illum nostrum perferendis voluptas, voluptate soluta corrupti dolore quidem. Placeat, eaque! Exercitationem est facilis dolor quas odio cum incidunt repudiandae vel. Lorem ipsum dolor sit amet consectetur, adipisicing elit. Inventore illum nostrum perferendis voluptas, voluptate soluta corrupti dolore quidem. Placeat, eaque! Exercitationem est facilis dolor quas odio cum incidunt repudiandae vel. Lorem ipsum dolor sit amet consectetur, adipisicing elit. Inventore illum nostrum perferendis voluptas, voluptate soluta corrupti dolore quidem. Placeat, eaque! Exercitationem est facilis dolor quas odio cum incidunt repudiandae vel."
				}
			],
			"userName": "Chilli",
			"created": "2022.04.04"
		},
		{
			"id": 5,
			"thumbnail": "/assets/post-img5.jpg",
			"title": "Esse deserunt ducimus",
			"mainBg": "/assets/post-background5.jpg",
			"category": ["Sports", "Music", "Life"],
			"profileImg": "/assets/profile.jpg",
			"contents": [
				{
					"type": "p",
					"text": "Lorem ipsum dolor sit amet consectetur, adipisicing elit. Inventore illum nostrum perferendis voluptas, voluptate soluta corrupti dolore quidem. Placeat, eaque! Exercitationem est facilis dolor quas odio cum incidunt repudiandae vel. Lorem ipsum dolor sit amet consectetur, adipisicing elit. Inventore illum nostrum perferendis voluptas, voluptate soluta corrupti dolore quidem. Placeat, eaque! Exercitationem est facilis dolor quas odio cum incidunt repudiandae vel. Lorem ipsum dolor sit amet consectetur, adipisicing elit. Inventore illum nostrum perferendis voluptas, voluptate soluta corrupti dolore quidem. Placeat, eaque! Exercitationem est facilis dolor quas odio cum incidunt repudiandae vel. Lorem ipsum dolor sit amet consectetur, adipisicing elit. Inventore illum nostrum perferendis voluptas, voluptate soluta corrupti dolore quidem. Placeat, eaque! Exercitationem est facilis dolor quas odio cum incidunt repudiandae vel."
				},
				{
					"type": "img",
					"src": "/assets/post-background5-1.jpg"
				},
				{
					"type": "p",
					"text": "Lorem ipsum dolor sit amet consectetur, adipisicing elit. Inventore illum nostrum perferendis voluptas, voluptate soluta corrupti dolore quidem. Placeat, eaque! Exercitationem est facilis dolor quas odio cum incidunt repudiandae vel. Lorem ipsum dolor sit amet consectetur, adipisicing elit. Inventore illum nostrum perferendis voluptas, voluptate soluta corrupti dolore quidem. Placeat, eaque! Exercitationem est facilis dolor quas odio cum incidunt repudiandae vel. Lorem ipsum dolor sit amet consectetur, adipisicing elit. Inventore illum nostrum perferendis voluptas, voluptate soluta corrupti dolore quidem. Placeat, eaque! Exercitationem est facilis dolor quas odio cum incidunt repudiandae vel. Lorem ipsum dolor sit amet consectetur, adipisicing elit. Inventore illum nostrum perferendis voluptas, voluptate soluta corrupti dolore quidem. Placeat, eaque! Exercitationem est facilis dolor quas odio cum incidunt repudiandae vel."
				},
				{
					"type": "img",
					"src": "/assets/post-background5.jpg"
				}
			],
			"userName": "Chilli",
			"created": "2022.04.05"
		},
		{
			"id": 6,
			"thumbnail": "/assets/post-img6.jpg",
			"title": "Lorem, ipsum dolor sit amet consectetur adipisicing elit.",
			"mainBg": "/assets/post-background6.jpg",
			"category": ["Life", "Style"],
			"profileImg": "/assets/profile.jpg",
			"contents": [
				{
					"type": "p",
					"text": "Lorem ipsum dolor sit amet consectetur, adipisicing elit. Inventore illum nostrum perferendis voluptas, voluptate soluta corrupti dolore quidem. Placeat, eaque! Exercitationem est facilis dolor quas odio cum incidunt repudiandae vel. Lorem ipsum dolor sit amet consectetur, adipisicing elit. Inventore illum nostrum perferendis voluptas, voluptate soluta corrupti dolore quidem. Placeat, eaque! Exercitationem est facilis dolor quas odio cum incidunt repudiandae vel. Lorem ipsum dolor sit amet consectetur, adipisicing elit. Inventore illum nostrum perferendis voluptas, voluptate soluta corrupti dolore quidem. Placeat, eaque! Exercitationem est facilis dolor quas odio cum incidunt repudiandae vel. Lorem ipsum dolor sit amet consectetur, adipisicing elit. Inventore illum nostrum perferendis voluptas, voluptate soluta corrupti dolore quidem. Placeat, eaque! Exercitationem est facilis dolor quas odio cum incidunt repudiandae vel."
				},
				{
					"type": "img",
					"src": "/assets/post-background6.jpg"
				},
				{
					"type": "p",
					"text": "Lorem ipsum dolor sit amet consectetur, adipisicing elit. Inventore illum nostrum perferendis voluptas, voluptate soluta corrupti dolore quidem. Placeat, eaque! Exercitationem est facilis dolor quas odio cum incidunt repudiandae vel. Lorem ipsum dolor sit amet consectetur, adipisicing elit. Inventore illum nostrum perferendis voluptas, voluptate soluta corrupti dolore quidem. Placeat, eaque! Exercitationem est facilis dolor quas odio cum incidunt repudiandae vel. Lorem ipsum dolor sit amet consectetur, adipisicing elit. Inventore illum nostrum perferendis voluptas, voluptate soluta corrupti dolore quidem. Placeat, eaque! Exercitationem est facilis dolor quas odio cum incidunt repudiandae vel. Lorem ipsum dolor sit amet consectetur, adipisicing elit. Inventore illum nostrum perferendis voluptas, voluptate soluta corrupti dolore quidem. Placeat, eaque! Exercitationem est facilis dolor quas odio cum incidunt repudiandae vel. Lorem ipsum dolor sit amet consectetur, adipisicing elit. Inventore illum nostrum perferendis voluptas, voluptate soluta corrupti dolore quidem. Placeat, eaque! Exercitationem est facilis dolor quas odio cum incidunt repudiandae vel. Lorem ipsum dolor sit amet consectetur, adipisicing elit. Inventore illum nostrum perferendis voluptas, voluptate soluta corrupti dolore quidem. Placeat, eaque! Exercitationem est facilis dolor quas odio cum incidunt repudiandae vel. Lorem ipsum dolor sit amet consectetur, adipisicing elit. Inventore illum nostrum perferendis voluptas, voluptate soluta corrupti dolore quidem. Placeat, eaque! Exercitationem est facilis dolor quas odio cum incidunt repudiandae vel. Lorem ipsum dolor sit amet consectetur, adipisicing elit. Inventore illum nostrum perferendis voluptas, voluptate soluta corrupti dolore quidem. Placeat, eaque! Exercitationem est facilis dolor quas odio cum incidunt repudiandae vel."
				}
			],
			"userName": "Chilli",
			"created": "2022.05.25"
		}
	],

	"users": [
		{
			"id": 1,
			"email": "chilli@blog.com",
			"profileImg": "/assets/profile.jpg",
			"name": "Chilli",
			"userInfo": "Lorem ipsum dolor sit amet consectetur adipisicing elit.",
			"category": ["Life", "Style", "Tech", "Sport", "Photo", "Develop", "Music"],
			"sns": { "GitHub": "", "Facebook": "", "Twitter": "", "Instagram": "" }
		},
		{
			"id": 2,
			"email": "binky@blog.com",
			"profileImg": "/assets/profile.jpg",
			"name": "Binky",
			"userInfo": "Lorem ipsum dolor sit amet consectetur adipisicing elit.",
			"category": ["Life", "Style", "Tech", "Sport", "Photo", "Develop", "Music"],
			"sns": { "GitHub": "", "Facebook": "", "Twitter": "", "Instagram": "" }
		}
	]
}
