{
			"id": 2,
			"thumbnail": "/assets/post-img2.jpg",
			"title": "Esse deserunt ducimus earum provident iste eaque dolores",
			"mainBg": "/assets/post-background2.jpg",
			"category": ["Tech", "Life"],
			"profileImg": "/assets/profile.jpg",
			"contents": [
				{
					"type": "p",
					"text": "Voluptate soluta corrupti dolore quidem. Placeat, eaque! Exercitationem est facilis dolor quas odio cum incidunt repudiandae vel. Lorem ipsum dolor sit amet consectetur, adipisicing elit. Inventore illum nostrum perferendis voluptas, voluptate soluta corrupti dolore quidem. Placeat, eaque! Exercitationem est facilis dolor quas odio cum incidunt repudiandae vel. Lorem ipsum dolor sit amet consectetur, adipisicing elit. Inventore illum nostrum perferendis voluptas, voluptate soluta corrupti dolore quidem. Placeat, eaque! Exercitationem est facilis dolor quas odio cum incidunt repudiandae vel. Lorem ipsum dolor sit amet consectetur, adipisicing elit. Inventore illum nostrum perferendis voluptas, voluptate soluta corrupti dolore quidem. Placeat, eaque! Exercitationem est facilis dolor quas odio cum incidunt repudiandae vel."
				},
				{
					"type": "p",
					"text": "Lorem ipsum dolor sit amet consectetur, adipisicing elit. Inventore illum nostrum perferendis voluptas, voluptate soluta corrupti dolore quidem. Placeat, eaque! Exercitationem est facilis dolor quas odio cum incidunt repudiandae vel. Lorem ipsum dolor sit amet consectetur, adipisicing elit. Inventore illum nostrum perferendis voluptas, voluptate soluta corrupti dolore quidem. Placeat, eaque! Exercitationem est facilis dolor quas odio cum incidunt repudiandae vel. Lorem ipsum dolor sit amet consectetur, adipisicing elit. Inventore illum nostrum perferendis voluptas, voluptate soluta corrupti dolore quidem. Placeat, eaque! Exercitationem est facilis dolor quas odio cum incidunt repudiandae vel. Lorem ipsum dolor sit amet consectetur, adipisicing elit. Inventore illum nostrum perferendis voluptas, voluptate soluta corrupti dolore quidem. Placeat, eaque! Exercitationem est facilis dolor quas odio cum incidunt repudiandae vel."
				},
				{
					"type": "img",
					"src": "/assets/post-background2.jpg"
				},
				{
					"type": "p",
					"text": "Lorem ipsum dolor sit amet consectetur, adipisicing elit. Inventore illum nostrum perferendis voluptas, voluptate soluta corrupti dolore quidem. Placeat, eaque! Exercitationem est facilis dolor quas odio cum incidunt repudiandae vel. Lorem ipsum dolor sit amet consectetur, adipisicing elit. Inventore illum nostrum perferendis voluptas, voluptate soluta corrupti dolore quidem. Placeat, eaque! Exercitationem est facilis dolor quas odio cum incidunt repudiandae vel. Lorem ipsum dolor sit amet consectetur, adipisicing elit. Inventore illum nostrum perferendis voluptas, voluptate soluta corrupti dolore quidem. Placeat, eaque! Exercitationem est facilis dolor quas odio cum incidunt repudiandae vel. Lorem ipsum dolor sit amet consectetur, adipisicing elit. Inventore illum nostrum perferendis voluptas, voluptate soluta corrupti dolore quidem. Placeat, eaque! Exercitationem est facilis dolor quas odio cum incidunt repudiandae vel."
				}
			],
			"userName": "Chilli",
			"created": "2022.04.02"
		}
