[
		{
			"id": 1,
			"thumbnail": "/assets/post-img1.jpg",
			"title": "Dipisicing elit. Inventore illum nostrum perferendis.",
			"summary": "Summary Dipisicing elit. Inventore illum nostrum perferendis.",
			"mainBg": "/assets/post-background1.jpg",
			"category": ["Life", "style"],
			"profileImg": "/assets/profile.jpg",
			"userName": "Chilli",
			"created": "2022.04.01"
		},
		{
			"id": 2,
			"thumbnail": "/assets/post-img2.jpg",
			"title": "Esse deserunt ducimus earum provident iste eaque dolores",
			"summary": "Summary Dipisicing elit. Inventore illum nostrum perferendis.",
			"mainBg": "/assets/post-background2.jpg",
			"category": ["Tech", "Life"],
			"profileImg": "/assets/profile.jpg",
			"userName": "Chilli",
			"created": "2022.04.02"
		},
		{
			"id": 3,
			"thumbnail": "/assets/post-img3.jpg",
			"title": "Ducimus earum provident iste eaque dolores consequuntur?",
			"summary": "Summary Dipisicing elit. Inventore illum nostrum perferendis.",
			"mainBg": "/assets/post-background3.jpg",
			"category": ["Tech", "Life"],
			"profileImg": "/assets/profile.jpg",
			"userName": "Chilli",
			"created": "2022.04.03"
		},
		{
			"id": 4,
			"thumbnail": "/assets/post-img4.jpg",
			"title": "Dolor, voluptatem minima nobis ullam voluptate fugiat, idplaceat optio magni laborum iste!",
			"summary": "Summary Dipisicing elit. Inventore illum nostrum perferendis.",
			"mainBg": "/assets/post-background4.jpg",
			"category": ["Tech", "Life"],
			"profileImg": "/assets/profile.jpg",
			"userName": "Chilli",
			"created": "2022.04.04"
		},
		{
			"id": 5,
			"thumbnail": "/assets/post-img5.jpg",
			"title": "Esse deserunt ducimus",
			"summary": "Summary Dipisicing elit. Inventore illum nostrum perferendis.",
			"mainBg": "/assets/post-background5.jpg",
			"category": ["Sports", "Music", "Life"],
			"profileImg": "/assets/profile.jpg",
			"userName": "Chilli",
			"created": "2022.04.05"
		},
		{
			"id": 6,
			"thumbnail": "/assets/post-img6.jpg",
			"title": "Lorem, ipsum dolor sit amet consectetur adipisicing elit.",
			"summary": "Summary Dipisicing elit. Inventore illum nostrum perferendis.",
			"mainBg": "/assets/post-background6.jpg",
			"category": ["Life", "Style"],
			"profileImg": "/assets/profile.jpg",
			"userName": "Chilli",
			"created": "2022.05.25"
		}
	]
