{
			"id": 1,
			"thumbnail": "/assets/post-img1.jpg",
			"title": "Dipisicing elit. Inventore illum nostrum perferendis.",
			"mainBg": "/assets/post-background1.jpg",
			"category": ["Life", "style"],
			"profileImg": "/assets/profile.jpg",
			"contents": [
				{
					"type": "p",
					"text": "Adipisicing elit. Inventore illum nostrum perferendis voluptas, voluptate soluta corrupti dolore quidem. Placeat, eaque! Exercitationem est facilis dolor quas odio cum incidunt repudiandae vel. Lorem ipsum dolor sit amet consectetur, adipisicing elit. Inventore illum nostrum perferendis voluptas, voluptate soluta corrupti dolore quidem. Placeat, eaque! Exercitationem est facilis dolor quas odio cum incidunt repudiandae vel. Lorem ipsum dolor sit amet consectetur, adipisicing elit. Inventore illum nostrum perferendis voluptas, voluptate soluta corrupti dolore quidem. Placeat, eaque! Exercitationem est facilis dolor quas odio cum incidunt repudiandae vel. Lorem ipsum dolor sit amet consectetur, adipisicing elit. Inventore illum nostrum perferendis voluptas, voluptate soluta corrupti dolore quidem. Placeat, eaque! Exercitationem est facilis dolor quas odio cum incidunt repudiandae vel. Lorem ipsum dolor sit amet consectetur, adipisicing elit. Inventore illum nostrum perferendis voluptas, voluptate soluta corrupti dolore quidem. Placeat, eaque! Exercitationem est facilis dolor quas odio cum incidunt repudiandae vel. Lorem ipsum dolor sit amet consectetur, adipisicing elit. Inventore illum nostrum perferendis voluptas, voluptate soluta corrupti dolore quidem. Placeat, eaque! Exercitationem est facilis dolor quas odio cum incidunt repudiandae vel. Lorem ipsum dolor sit amet consectetur, adipisicing elit. Inventore illum nostrum perferendis voluptas, voluptate soluta corrupti dolore quidem. Placeat, eaque! Exercitationem est facilis dolor quas odio cum incidunt repudiandae vel. Lorem ipsum dolor sit amet consectetur, adipisicing elit. Inventore illum nostrum perferendis voluptas, voluptate soluta corrupti dolore quidem. Placeat, eaque! Exercitationem est facilis dolor quas odio cum incidunt repudiandae vel."
				},
				{
					"type": "img",
					"src": "/assets/post-background1.jpg"
				},
				{
					"type": "p",
					"text": "Inventore illum nostrum perferendis voluptas, voluptate soluta corrupti dolore quidem. Placeat, eaque! Exercitationem est facilis dolor quas odio cum incidunt repudiandae vel. Lorem ipsum dolor sit amet consectetur, adipisicing elit. Inventore illum nostrum perferendis voluptas, voluptate soluta corrupti dolore quidem. Placeat, eaque! Exercitationem est facilis dolor quas odio cum incidunt repudiandae vel. Lorem ipsum dolor sit amet consectetur, adipisicing elit. Inventore illum nostrum perferendis voluptas, voluptate soluta corrupti dolore quidem. Placeat, eaque! Exercitationem est facilis dolor quas odio cum incidunt repudiandae vel. Lorem ipsum dolor sit amet consectetur, adipisicing elit. Inventore illum nostrum perferendis voluptas, voluptate soluta corrupti dolore quidem. Placeat, eaque! Exercitationem est facilis dolor quas odio cum incidunt repudiandae vel."
				}
			],
			"userName": "Chilli",
			"created": "2022.04.01"
		}
