{
			"id": 4,
			"thumbnail": "/assets/post-img4.jpg",
			"title": "Dolor, voluptatem minima nobis ullam voluptate fugiat, idplaceat optio magni laborum iste!",
			"mainBg": "/assets/post-background4.jpg",
			"category": ["Tech", "Life"],
			"profileImg": "/assets/profile.jpg",
			"contents": [
				{
					"type": "p",
					"text": "Lorem ipsum dolor sit amet consectetur, adipisicing elit. Inventore illum nostrum perferendis voluptas, voluptate soluta corrupti dolore quidem. Placeat, eaque! Exercitationem est facilis dolor quas odio cum incidunt repudiandae vel. Lorem ipsum dolor sit amet consectetur, adipisicing elit. Inventore illum nostrum perferendis voluptas, voluptate soluta corrupti dolore quidem. Placeat, eaque! Exercitationem est facilis dolor quas odio cum incidunt repudiandae vel. Lorem ipsum dolor sit amet consectetur, adipisicing elit. Inventore illum nostrum perferendis voluptas, voluptate soluta corrupti dolore quidem. Placeat, eaque! Exercitationem est facilis dolor quas odio cum incidunt repudiandae vel. Lorem ipsum dolor sit amet consectetur, adipisicing elit. Inventore illum nostrum perferendis voluptas, voluptate soluta corrupti dolore quidem. Placeat, eaque! Exercitationem est facilis dolor quas odio cum incidunt repudiandae vel."
				},
				{
					"type": "img",
					"src": "/assets/post-background4.jpg"
				},
				{
					"type": "p",
					"text": "Lorem ipsum dolor sit amet consectetur, adipisicing elit. Inventore illum nostrum perferendis voluptas, voluptate soluta corrupti dolore quidem. Placeat, eaque! Exercitationem est facilis dolor quas odio cum incidunt repudiandae vel. Lorem ipsum dolor sit amet consectetur, adipisicing elit. Inventore illum nostrum perferendis voluptas, voluptate soluta corrupti dolore quidem. Placeat, eaque! Exercitationem est facilis dolor quas odio cum incidunt repudiandae vel. Lorem ipsum dolor sit amet consectetur, adipisicing elit. Inventore illum nostrum perferendis voluptas, voluptate soluta corrupti dolore quidem. Placeat, eaque! Exercitationem est facilis dolor quas odio cum incidunt repudiandae vel. Lorem ipsum dolor sit amet consectetur, adipisicing elit. Inventore illum nostrum perferendis voluptas, voluptate soluta corrupti dolore quidem. Placeat, eaque! Exercitationem est facilis dolor quas odio cum incidunt repudiandae vel."
				}
			],
			"userName": "Chilli",
			"created": "2022.04.04"
		}
