{
			"id": 5,
			"thumbnail": "/assets/post-img5.jpg",
			"title": "Esse deserunt ducimus",
			"mainBg": "/assets/post-background5.jpg",
			"category": ["Sports", "Music", "Life"],
			"profileImg": "/assets/profile.jpg",
			"contents": [
				{
					"type": "p",
					"text": "Lorem ipsum dolor sit amet consectetur, adipisicing elit. Inventore illum nostrum perferendis voluptas, voluptate soluta corrupti dolore quidem. Placeat, eaque! Exercitationem est facilis dolor quas odio cum incidunt repudiandae vel. Lorem ipsum dolor sit amet consectetur, adipisicing elit. Inventore illum nostrum perferendis voluptas, voluptate soluta corrupti dolore quidem. Placeat, eaque! Exercitationem est facilis dolor quas odio cum incidunt repudiandae vel. Lorem ipsum dolor sit amet consectetur, adipisicing elit. Inventore illum nostrum perferendis voluptas, voluptate soluta corrupti dolore quidem. Placeat, eaque! Exercitationem est facilis dolor quas odio cum incidunt repudiandae vel. Lorem ipsum dolor sit amet consectetur, adipisicing elit. Inventore illum nostrum perferendis voluptas, voluptate soluta corrupti dolore quidem. Placeat, eaque! Exercitationem est facilis dolor quas odio cum incidunt repudiandae vel."
				},
				{
					"type": "img",
					"src": "/assets/post-background5-1.jpg"
				},
				{
					"type": "p",
					"text": "Lorem ipsum dolor sit amet consectetur, adipisicing elit. Inventore illum nostrum perferendis voluptas, voluptate soluta corrupti dolore quidem. Placeat, eaque! Exercitationem est facilis dolor quas odio cum incidunt repudiandae vel. Lorem ipsum dolor sit amet consectetur, adipisicing elit. Inventore illum nostrum perferendis voluptas, voluptate soluta corrupti dolore quidem. Placeat, eaque! Exercitationem est facilis dolor quas odio cum incidunt repudiandae vel. Lorem ipsum dolor sit amet consectetur, adipisicing elit. Inventore illum nostrum perferendis voluptas, voluptate soluta corrupti dolore quidem. Placeat, eaque! Exercitationem est facilis dolor quas odio cum incidunt repudiandae vel. Lorem ipsum dolor sit amet consectetur, adipisicing elit. Inventore illum nostrum perferendis voluptas, voluptate soluta corrupti dolore quidem. Placeat, eaque! Exercitationem est facilis dolor quas odio cum incidunt repudiandae vel."
				},
				{
					"type": "img",
					"src": "/assets/post-background5.jpg"
				}
			],
			"userName": "Chilli",
			"created": "2022.04.05"
		}
